date,location,codex,rank,bib,name,nation,series1,series2,total
2025-11-22,Lillehammer,3065,1,69,TSCHOFENIG Daniel,AUT,158.0,153.5,311.5
2025-11-22,Lillehammer,3065,3,67,KRAFT Stefan,AUT,161.9,144.4,306.3
2025-11-22,Lillehammer,3065,4,60,PREVC Domen,SLO,159.7,145.1,304.8
2025-11-22,Lillehammer,3065,6,47,RAIMUND Philipp,GER,154.9,148.5,303.4
2025-11-22,Lillehammer,3065,8,55,ZAJC Timi,SLO,154.4,141.2,295.6
2025-11-22,Lillehammer,3065,10,31,HOFFMANN Felix,GER,158.9,134.7,293.6
2025-11-22,Lillehammer,3065,11,34,EMBACHER Stephan,AUT,154.0,139.5,293.5
2025-11-22,Lillehammer,3065,12,42,ZOGRAFSKI Vladimir,BUL,144.5,147.6,292.1
2025-11-22,Lillehammer,3065,13,40,STOCH Kamil,POL,154.2,137.1,291.3
2025-11-22,Lillehammer,3065,14,48,AIGRO Artti,EST,151.2,137.9,289.1
2025-11-22,Lillehammer,3065,15,64,DESCHWANDEN Gregor,SUI,146.1,138.8,284.9
2025-11-22,Lillehammer,3065,17,35,KOBAYASHI Sakutaro,JPN,145.8,137.7,283.5
2025-11-22,Lillehammer,3065,18,12,TOMASIAK Kacper,POL,144.4,138.8,283.2
2025-11-22,Lillehammer,3065,19,37,ZYLA Piotr,POL,139.0,144.0,283.0
2025-11-22,Lillehammer,3065,20,52,NIKAIDO Ren,JPN,150.6,129.9,280.5
2025-11-22,Lillehammer,3065,21,27,COLBY Jason,USA,139.2,141.0,280.2
2025-11-22,Lillehammer,3065,22,39,KUBACKI Dawid,POL,135.1,142.0,277.1
2025-11-22,Lillehammer,3065,23,59,ORTNER Maximilian,AUT,142.4,132.5,274.9
2025-11-22,Lillehammer,3065,24,38,AALTO Antti,FIN,138.4,134.3,272.7
2025-11-22,Lillehammer,3065,25,44,FOUBERT Valentin,FRA,143.2,129.4,272.6
2025-11-22,Lillehammer,3065,26,51,GRANERUD Halvor Egner,NOR,137.3,134.6,271.9
2025-11-22,Lillehammer,3065,27,45,OESTVOLD Benjamin,NOR,138.2,132.9,271.1
2025-11-22,Lillehammer,3065,28,56,WASEK Pawel,POL,135.0,133.7,268.7
2025-11-22,Lillehammer,3065,28,46,NAKAMURA Naoki,JPN,139.1,129.6,268.7
2025-11-22,Lillehammer,3065,30,62,FORFANG Johann Andre,NOR,140.5,126.4,266.9
2025-11-22,Lillehammer,3065,31,17,NAITO Tomofumi,JPN,134.3,,134.3
2025-11-22,Lillehammer,3065,32,33,SATO Yukiya,JPN,133.0,,133.0
2025-11-22,Lillehammer,3065,33,7,HAUSWIRTH Sandro,SUI,132.3,,132.3
2025-11-22,Lillehammer,3065,34,49,FRANTZ Tate,USA,131.5,,131.5
2025-11-22,Lillehammer,3065,35,43,BICKNER Kevin,USA,130.7,,130.7
2025-11-22,Lillehammer,3065,36,58,SUNDAL Kristoffer Eriksen,NOR,129.8,,129.8
2025-11-22,Lillehammer,3065,37,25,KOUDELKA Roman,CZE,127.5,,127.5
2025-11-22,Lillehammer,3065,38,23,OBLAK Rok,SLO,126.8,,126.8
2025-11-22,Lillehammer,3065,39,41,KOS Lovro,SLO,124.6,,124.6
2025-11-22,Lillehammer,3065,40,57,GEIGER Karl,GER,124.5,,124.5
2025-11-22,Lillehammer,3065,41,22,AMMANN Simon,SUI,123.4,,123.4
2025-11-22,Lillehammer,3065,42,29,VASSILYEV Danil,KAZ,122.0,,122.0
2025-11-22,Lillehammer,3065,43,30,BELSHAW Erik,USA,121.1,,121.1
2025-11-22,Lillehammer,3065,44,21,URLAUB Andrew,USA,120.2,,120.2
2025-11-22,Lillehammer,3065,45,9,KESSELI Juri,SUI,118.9,,118.9
2025-11-22,Lillehammer,3065,46,28,IPCIOGLU Fatih Arda,TUR,116.6,,116.6
2025-11-22,Lillehammer,3065,47,4,BRESADOLA Giovanni,ITA,113.3,,113.3
2025-11-22,Lillehammer,3065,48,26,MIZERNYKH Ilya,KAZ,112.7,,112.7
2025-11-22,Lillehammer,3065,49,5,KALINICHENKO Vitaliy,UKR,109.2,,109.2
2025-11-22,Lillehammer,3065,50,20,KAPUSTIK Hektor,SVK,96.9,,96.9
2025-11-23,Lillehammer,3070,1,65,KOBAYASHI Ryoyu,JPN,144.4,146.1,290.5
2025-11-23,Lillehammer,3070,2,66,PREVC Domen,SLO,147.9,139.4,287.3
2025-11-23,Lillehammer,3070,3,60,HOFFMANN Felix,GER,143.8,142.4,286.2
2025-11-23,Lillehammer,3070,4,64,RAIMUND Philipp,GER,144.1,141.3,285.4
2025-11-23,Lillehammer,3070,5,67,KRAFT Stefan,AUT,142.6,140.1,282.7
2025-11-23,Lillehammer,3070,6,63,LANISEK Anze,SLO,143.5,136.7,280.2
2025-11-23,Lillehammer,3070,7,69,TSCHOFENIG Daniel,AUT,129.3,142.1,271.4
2025-11-23,Lillehammer,3070,8,68,HOERL Jan,AUT,142.2,125.8,268.0
2025-11-23,Lillehammer,3070,9,59,EMBACHER Stephan,AUT,137.4,125.3,262.7
2025-11-23,Lillehammer,3070,10,50,NIKAIDO Ren,JPN,128.3,128.4,256.7
2025-11-23,Lillehammer,3070,11,43,NAKAMURA Naoki,JPN,129.5,126.6,256.1
2025-11-23,Lillehammer,3070,12,57,STOCH Kamil,POL,137.8,115.3,253.1
2025-11-23,Lillehammer,3070,13,62,ZAJC Timi,SLO,130.9,115.0,245.9
2025-11-23,Lillehammer,3070,14,56,AIGRO Artti,EST,126.4,118.7,245.1
2025-11-23,Lillehammer,3070,15,61,FETTNER Manuel,AUT,124.2,119.8,244.0
2025-11-23,Lillehammer,3070,16,45,FOUBERT Valentin,FRA,125.8,117.3,243.1
2025-11-23,Lillehammer,3070,17,54,LINDVIK Marius,NOR,125.7,117.3,243.0
2025-11-23,Lillehammer,3070,18,47,ORTNER Maximilian,AUT,118.0,124.9,242.9
2025-11-23,Lillehammer,3070,19,5,SUNDAL Kristoffer Eriksen,NOR,121.0,120.4,241.4
2025-11-23,Lillehammer,3070,20,48,KUBACKI Dawid,POL,117.9,120.9,238.8
2025-11-23,Lillehammer,3070,21,46,AALTO Antti,FIN,120.3,114.8,235.1
2025-11-23,Lillehammer,3070,22,52,TOMASIAK Kacper,POL,123.2,111.6,234.8
2025-11-23,Lillehammer,3070,23,38,GEIGER Karl,GER,117.3,116.9,234.2
2025-11-23,Lillehammer,3070,24,58,ZOGRAFSKI Vladimir,BUL,119.7,114.0,233.7
2025-11-23,Lillehammer,3070,25,55,DESCHWANDEN Gregor,SUI,113.7,119.9,233.6
2025-11-23,Lillehammer,3070,26,49,COLBY Jason,USA,124.4,108.0,232.4
2025-11-23,Lillehammer,3070,27,14,PASCHKE Pius,GER,120.1,109.6,229.7
2025-11-23,Lillehammer,3070,28,53,KOBAYASHI Sakutaro,JPN,118.1,109.7,227.8
2025-11-23,Lillehammer,3070,29,20,KESSELI Juri,SUI,116.1,107.5,223.6
2025-11-23,Lillehammer,3070,30,32,NAITO Tomofumi,JPN,114.1,109.1,223.2
2025-11-23,Lillehammer,3070,31,33,BICKNER Kevin,USA,113.6,,113.6
2025-11-23,Lillehammer,3070,34,44,GRANERUD Halvor Egner,NOR,111.4,,111.4
2025-11-23,Lillehammer,3070,35,51,ZYLA Piotr,POL,111.2,,111.2
2025-11-23,Lillehammer,3070,36,42,WASEK Pawel,POL,111.1,,111.1
2025-11-23,Lillehammer,3070,37,27,FRANTZ Tate,USA,110.6,,110.6
2025-11-23,Lillehammer,3070,38,2,CHERVET Jules,FRA,109.8,,109.8
2025-11-23,Lillehammer,3070,39,37,AMMANN Simon,SUI,109.6,,109.6
2025-11-23,Lillehammer,3070,40,8,WELLINGER Andreas,GER,109.5,,109.5
2025-11-23,Lillehammer,3070,41,10,SATO Yukiya,JPN,106.9,,106.9
2025-11-23,Lillehammer,3070,42,1,INSAM Alex,ITA,105.2,,105.2
2025-11-23,Lillehammer,3070,43,22,KOUDELKA Roman,CZE,104.7,,104.7
2025-11-23,Lillehammer,3070,44,16,BRESADOLA Giovanni,ITA,103.1,,103.1
2025-11-23,Lillehammer,3070,45,12,OBLAK Rok,SLO,100.0,,100.0
2025-11-23,Lillehammer,3070,46,35,MIZERNYKH Ilya,KAZ,96.7,,96.7
2025-11-23,Lillehammer,3070,47,31,PALOSAARI Vilho,FIN,96.6,,96.6
2025-11-23,Lillehammer,3070,48,11,URLAUB Andrew,USA,96.1,,96.1
2025-11-23,Lillehammer,3070,49,28,VASSILYEV Danil,KAZ,95.7,,95.7
2025-11-23,Lillehammer,3070,50,21,ZNISZCZOL Aleksander,POL,91.8,,91.8
2025-11-26,Falun,3073,1,46,LANISEK Anze,SLO,131.6,131.3,262.9
2025-11-26,Falun,3073,2,42,EMBACHER Stephan,AUT,127.2,132.7,259.9
2025-11-26,Falun,3073,3,45,PREVC Domen,SLO,129.2,129.5,258.7
2025-11-26,Falun,3073,4,48,TSCHOFENIG Daniel,AUT,126.2,130.4,256.6
2025-11-26,Falun,3073,5,47,HOERL Jan,AUT,125.8,126.4,252.2
2025-11-26,Falun,3073,6,49,KOBAYASHI Ryoyu,JPN,124.8,125.1,249.9
2025-11-26,Falun,3073,7,40,FETTNER Manuel,AUT,127.7,121.5,249.2
2025-11-26,Falun,3073,8,41,NIKAIDO Ren,JPN,129.4,119.7,249.1
2025-11-26,Falun,3073,9,50,KRAFT Stefan,AUT,136.9,106.1,243.0
2025-11-26,Falun,3073,10,32,DESCHWANDEN Gregor,SUI,121.2,118.4,239.6
2025-11-26,Falun,3073,11,44,RAIMUND Philipp,GER,123.1,115.9,239.0
2025-11-26,Falun,3073,12,43,HOFFMANN Felix,GER,123.8,113.9,237.7
2025-11-26,Falun,3073,13,24,SUNDAL Kristoffer Eriksen,NOR,117.6,117.5,235.1
2025-11-26,Falun,3073,14,27,PASCHKE Pius,GER,119.8,114.7,234.5
2025-11-26,Falun,3073,16,38,STOCH Kamil,POL,116.5,117.3,233.8
2025-11-26,Falun,3073,17,36,NAKAMURA Naoki,JPN,118.6,112.9,231.5
2025-11-26,Falun,3073,18,37,LINDVIK Marius,NOR,122.3,107.1,229.4
2025-11-26,Falun,3073,19,30,FOUBERT Valentin,FRA,111.9,116.3,228.2
2025-11-26,Falun,3073,21,22,OBLAK Rok,SLO,117.7,108.7,226.4
2025-11-26,Falun,3073,22,13,NAITO Tomofumi,JPN,115.6,110.5,226.1
2025-11-26,Falun,3073,23,26,COLBY Jason,USA,112.7,110.8,223.5
2025-11-26,Falun,3073,24,39,ZOGRAFSKI Vladimir,BUL,113.0,109.0,222.0
2025-11-26,Falun,3073,25,33,ORTNER Maximilian,AUT,110.0,111.1,221.1
2025-11-26,Falun,3073,26,35,AIGRO Artti,EST,112.3,106.6,218.9
2025-11-26,Falun,3073,27,15,SATO Yukiya,JPN,110.6,107.4,218.0
2025-11-26,Falun,3073,28,29,KUBACKI Dawid,POL,109.7,107.7,217.4
2025-11-26,Falun,3073,29,25,ZYLA Piotr,POL,109.8,106.8,216.6
2025-11-26,Falun,3073,30,3,BICKNER Kevin,USA,112.5,102.3,214.8
2025-11-26,Falun,3073,31,19,WASEK Pawel,POL,109.3,,109.3
2025-11-26,Falun,3073,32,2,HAUSWIRTH Sandro,SUI,108.5,,108.5
2025-11-26,Falun,3073,33,28,KOBAYASHI Sakutaro,JPN,107.6,,107.6
2025-11-26,Falun,3073,34,18,GRANERUD Halvor Egner,NOR,107.5,,107.5
2025-11-26,Falun,3073,35,10,TRUNZ Felix,SUI,107.1,,107.1
2025-11-26,Falun,3073,36,7,AMMANN Simon,SUI,106.6,,106.6
2025-11-26,Falun,3073,37,31,AALTO Antti,FIN,106.2,,106.2
2025-11-26,Falun,3073,38,17,URLAUB Andrew,USA,104.1,,104.1
2025-11-26,Falun,3073,39,11,KOS Lovro,SLO,102.9,,102.9
2025-11-26,Falun,3073,40,23,WELLINGER Andreas,GER,100.6,,100.6
2025-11-26,Falun,3073,41,21,GEIGER Karl,GER,100.3,,100.3
2025-11-26,Falun,3073,42,5,KALINICHENKO Vitaliy,UKR,99.8,,99.8
2025-11-26,Falun,3073,43,8,KOUDELKA Roman,CZE,99.2,,99.2
2025-11-26,Falun,3073,44,4,OBERSTEINER Louis,FRA,97.4,,97.4
2025-11-26,Falun,3073,45,12,KAPUSTIK Hektor,SVK,95.7,,95.7
2025-11-26,Falun,3073,46,16,OESTVOLD Benjamin,NOR,94.6,,94.6
2025-11-26,Falun,3073,47,1,MIZERNYKH Ilya,KAZ,93.2,,93.2
2025-11-26,Falun,3073,48,14,KESSELI Juri,SUI,92.4,,92.4
2025-11-26,Falun,3073,49,9,BOYD-CLOWES Mackenzie,CAN,90.6,,90.6
2025-11-26,Falun,3073,50,6,VASSILYEV Danil,KAZ,82.7,,82.7
2025-12-6,Wisla,3087,1,49,PREVC Domen,SLO,140.6,145.6,286.2
2025-12-6,Wisla,3087,2,44,RAIMUND Philipp,GER,136.3,143.1,279.4
2025-12-6,Wisla,3087,3,48,KOBAYASHI Ryoyu,JPN,134.2,133.0,267.2
2025-12-6,Wisla,3087,4,50,LANISEK Anze,SLO,133.9,131.9,265.8
2025-12-6,Wisla,3087,5,42,HOFFMANN Felix,GER,128.8,136.9,265.7
2025-12-6,Wisla,3087,6,47,TSCHOFENIG Daniel,AUT,135.2,130.1,265.3
2025-12-6,Wisla,3087,7,32,SUNDAL Kristoffer Eriksen,NOR,130.3,134.2,264.5
2025-12-6,Wisla,3087,8,45,EMBACHER Stephan,AUT,125.8,135.4,261.2
2025-12-6,Wisla,3087,9,33,NAKAMURA Naoki,JPN,124.9,132.0,256.9
2025-12-6,Wisla,3087,10,38,FOUBERT Valentin,FRA,125.0,131.8,256.8
2025-12-6,Wisla,3087,11,41,ZOGRAFSKI Vladimir,BUL,131.1,125.0,256.1
2025-12-6,Wisla,3087,12,35,ZAJC Timi,SLO,127.2,128.7,255.9
2025-12-6,Wisla,3087,13,43,NIKAIDO Ren,JPN,121.4,134.3,255.7
2025-12-6,Wisla,3087,14,18,ZYLA Piotr,POL,122.6,132.3,254.9
2025-12-6,Wisla,3087,15,28,KYTOSAHO Niko,FIN,125.6,128.7,254.3
2025-12-6,Wisla,3087,16,46,HOERL Jan,AUT,122.3,129.2,251.5
2025-12-6,Wisla,3087,17,34,PASCHKE Pius,GER,120.2,130.8,251.0
2025-12-6,Wisla,3087,18,37,LINDVIK Marius,NOR,129.3,120.8,250.1
2025-12-6,Wisla,3087,19,23,COLBY Jason,USA,123.7,124.8,248.5
2025-12-6,Wisla,3087,20,27,AALTO Antti,FIN,121.5,126.8,248.3
2025-12-6,Wisla,3087,21,21,GRANERUD Halvor Egner,NOR,126.3,121.7,248.0
2025-12-6,Wisla,3087,22,7,SCHUSTER Jonas,AUT,118.9,128.6,247.5
2025-12-6,Wisla,3087,23,20,FORFANG Johann Andre,NOR,119.9,126.2,246.1
2025-12-6,Wisla,3087,24,40,FETTNER Manuel,AUT,122.4,123.4,245.8
2025-12-6,Wisla,3087,25,36,TOMASIAK Kacper,POL,118.0,126.8,244.8
2025-12-6,Wisla,3087,26,24,KUBACKI Dawid,POL,121.9,117.8,239.7
2025-12-6,Wisla,3087,27,4,MIZERNYKH Ilya,KAZ,117.3,120.3,237.6
2025-12-6,Wisla,3087,28,31,AIGRO Artti,EST,117.5,116.9,234.4
2025-12-6,Wisla,3087,29,8,KOUDELKA Roman,CZE,117.9,116.2,234.1
2025-12-6,Wisla,3087,30,15,BICKNER Kevin,USA,121.8,111.3,233.1
2025-12-6,Wisla,3087,33,16,NAITO Tomofumi,JPN,116.9,,116.9
2025-12-6,Wisla,3087,34,14,WASEK Pawel,POL,116.3,,116.3
2025-12-6,Wisla,3087,35,5,PALOSAARI Vilho,FIN,114.6,,114.6
2025-12-6,Wisla,3087,36,26,KOBAYASHI Sakutaro,JPN,114.3,,114.3
2025-12-6,Wisla,3087,37,12,FRANTZ Tate,USA,114.2,,114.2
2025-12-6,Wisla,3087,38,17,INSAM Alex,ITA,113.8,,113.8
2025-12-6,Wisla,3087,39,30,WELLINGER Andreas,GER,113.7,,113.7
2025-12-6,Wisla,3087,40,25,OBLAK Rok,SLO,112.7,,112.7
2025-12-6,Wisla,3087,41,2,JANCAR Ziga,SLO,111.4,,111.4
2025-12-6,Wisla,3087,42,19,BRESADOLA Giovanni,ITA,110.8,,110.8
2025-12-6,Wisla,3087,43,9,TRUNZ Felix,SUI,110.6,,110.6
2025-12-6,Wisla,3087,44,3,BELSHAW Erik,USA,107.9,,107.9
2025-12-6,Wisla,3087,45,39,DESCHWANDEN Gregor,SUI,107.5,,107.5
2025-12-6,Wisla,3087,46,10,VASSILYEV Danil,KAZ,107.0,,107.0
2025-12-6,Wisla,3087,47,13,AMMANN Simon,SUI,105.8,,105.8
2025-12-6,Wisla,3087,48,6,HAUSWIRTH Sandro,SUI,104.7,,104.7
2025-12-6,Wisla,3087,49,22,SATO Yukiya,JPN,102.1,,102.1
2025-12-6,Wisla,3087,50,11,KALINICHENKO Vitaliy,UKR,97.8,,97.8
2025-12-7,Wisla,3089,1,68,PREVC Domen,SLO,137.6,144.7,282.3
2025-12-7,Wisla,3089,2,67,KOBAYASHI Ryoyu,JPN,142.4,139.0,281.4
2025-12-7,Wisla,3089,3,65,RAIMUND Philipp,GER,138.3,138.5,276.8
2025-12-7,Wisla,3089,4,61,NIKAIDO Ren,JPN,135.8,137.6,273.4
2025-12-7,Wisla,3089,5,52,TOMASIAK Kacper,POL,137.3,133.0,270.3
2025-12-7,Wisla,3089,6,60,ZOGRAFSKI Vladimir,BUL,132.9,135.8,268.7
2025-12-7,Wisla,3089,7,43,ZYLA Piotr,POL,139.0,129.4,268.4
2025-12-7,Wisla,3089,8,69,LANISEK Anze,SLO,131.4,134.5,265.9
2025-12-7,Wisla,3089,8,62,HOFFMANN Felix,GER,131.8,134.1,265.9
2025-12-7,Wisla,3089,10,58,FOUBERT Valentin,FRA,131.1,133.4,264.5
2025-12-7,Wisla,3089,11,55,NAKAMURA Naoki,JPN,132.7,129.7,262.4
2025-12-7,Wisla,3089,12,51,PASCHKE Pius,GER,128.7,130.5,259.2
2025-12-7,Wisla,3089,13,66,TSCHOFENIG Daniel,AUT,127.4,130.8,258.2
2025-12-7,Wisla,3089,15,47,KYTOSAHO Niko,FIN,130.3,126.8,257.1
2025-12-7,Wisla,3089,16,39,FORFANG Johann Andre,NOR,130.7,124.7,255.4
2025-12-7,Wisla,3089,17,57,LINDVIK Marius,NOR,128.1,124.9,253.0
2025-12-7,Wisla,3089,19,42,GRANERUD Halvor Egner,NOR,130.4,119.2,249.6
2025-12-7,Wisla,3089,20,31,SCHUSTER Jonas,AUT,122.9,125.3,248.2
2025-12-7,Wisla,3089,21,63,HOERL Jan,AUT,127.0,121.0,248.0
2025-12-7,Wisla,3089,22,44,COLBY Jason,USA,125.2,121.6,246.8
2025-12-7,Wisla,3089,23,36,SATO Yukiya,JPN,120.7,125.6,246.3
2025-12-7,Wisla,3089,24,53,DESCHWANDEN Gregor,SUI,122.8,122.8,245.6
2025-12-7,Wisla,3089,25,29,WASEK Pawel,POL,120.8,124.7,245.5
2025-12-7,Wisla,3089,26,45,AALTO Antti,FIN,121.7,122.4,244.1
2025-12-7,Wisla,3089,28,49,AIGRO Artti,EST,122.3,118.9,241.2
2025-12-7,Wisla,3089,30,23,KALINICHENKO Vitaliy,UKR,118.9,104.9,223.8
2025-12-7,Wisla,3089,31,56,ZAJC Timi,SLO,118.7,,118.7
2025-12-7,Wisla,3089,32,64,EMBACHER Stephan,AUT,118.5,,118.5
2025-12-7,Wisla,3089,33,19,HAUSWIRTH Sandro,SUI,118.1,,118.1
2025-12-7,Wisla,3089,34,25,FRANTZ Tate,USA,117.9,,117.9
2025-12-7,Wisla,3089,35,37,OESTVOLD Benjamin,NOR,117.2,,117.2
2025-12-7,Wisla,3089,36,46,ORTNER Maximilian,AUT,116.3,,116.3
2025-12-7,Wisla,3089,37,27,MIZERNYKH Ilya,KAZ,116.2,,116.2
2025-12-7,Wisla,3089,38,18,TRUNZ Felix,SUI,115.3,,115.3
2025-12-7,Wisla,3089,39,17,ZNISZCZOL Aleksander,POL,115.1,,115.1
2025-12-7,Wisla,3089,40,6,BELSHAW Erik,USA,114.9,,114.9
2025-12-7,Wisla,3089,41,24,KOUDELKA Roman,CZE,114.1,,114.1
2025-12-7,Wisla,3089,44,12,BOYD-CLOWES Mackenzie,CAN,112.2,,112.2
2025-12-7,Wisla,3089,45,30,BICKNER Kevin,USA,110.3,,110.3
2025-12-7,Wisla,3089,46,3,JONIAK Klemens,POL,109.6,,109.6
2025-12-7,Wisla,3089,47,48,WELLINGER Andreas,GER,107.8,,107.8
2025-12-7,Wisla,3089,48,35,BRESADOLA Giovanni,ITA,107.5,,107.5
2025-12-7,Wisla,3089,49,20,BEDIR Muhammed Ali,TUR,98.8,,98.8
2025-12-13,Klingenthal,3223,1,50,PREVC Domen,SLO,149.9,148.6,298.5
2025-12-13,Klingenthal,3223,2,43,KRAFT Stefan,AUT,135.1,137.9,273.0
2025-12-13,Klingenthal,3223,3,47,RAIMUND Philipp,GER,140.6,131.3,271.9
2025-12-13,Klingenthal,3223,4,45,NIKAIDO Ren,JPN,127.9,138.8,266.7
2025-12-13,Klingenthal,3223,5,48,KOBAYASHI Ryoyu,JPN,128.5,137.2,265.7
2025-12-13,Klingenthal,3223,6,42,HOERL Jan,AUT,135.5,128.8,264.3
2025-12-13,Klingenthal,3223,7,22,GRANERUD Halvor Egner,NOR,129.6,133.9,263.5
2025-12-13,Klingenthal,3223,8,31,SUNDAL Kristoffer Eriksen,NOR,130.1,131.4,261.5
2025-12-13,Klingenthal,3223,9,33,ZAJC Timi,SLO,127.4,133.5,260.9
2025-12-13,Klingenthal,3223,10,23,FORFANG Johann Andre,NOR,128.6,129.3,257.9
2025-12-13,Klingenthal,3223,12,38,FOUBERT Valentin,FRA,129.9,124.9,254.8
2025-12-13,Klingenthal,3223,13,46,TSCHOFENIG Daniel,AUT,123.1,130.5,253.6
2025-12-13,Klingenthal,3223,14,36,NAKAMURA Naoki,JPN,125.3,126.9,252.2
2025-12-13,Klingenthal,3223,16,49,LANISEK Anze,SLO,122.8,126.8,249.6
2025-12-13,Klingenthal,3223,17,6,VASSILYEV Danil,KAZ,127.5,120.0,247.5
2025-12-13,Klingenthal,3223,18,37,TOMASIAK Kacper,POL,131.3,115.5,246.8
2025-12-13,Klingenthal,3223,21,12,BICKNER Kevin,USA,120.3,123.8,244.1
2025-12-13,Klingenthal,3223,22,35,LINDVIK Marius,NOR,123.6,119.8,243.4
2025-12-13,Klingenthal,3223,23,39,FETTNER Manuel,AUT,120.7,122.5,243.2
2025-12-13,Klingenthal,3223,24,24,COLBY Jason,USA,118.3,124.2,242.5
2025-12-13,Klingenthal,3223,27,10,AMMANN Simon,SUI,118.8,118.8,237.6
2025-12-13,Klingenthal,3223,28,29,ZYLA Piotr,POL,119.9,116.9,236.8
2025-12-13,Klingenthal,3223,29,44,HOFFMANN Felix,GER,118.9,116.0,234.9
2025-12-13,Klingenthal,3223,30,9,FRANTZ Tate,USA,121.2,109.2,230.4
2025-12-13,Klingenthal,3223,31,28,KYTOSAHO Niko,FIN,117.8,,117.8
2025-12-13,Klingenthal,3223,32,20,KUBACKI Dawid,POL,117.4,,117.4
2025-12-13,Klingenthal,3223,33,32,DESCHWANDEN Gregor,SUI,116.5,,116.5
2025-12-13,Klingenthal,3223,34,5,HAUSWIRTH Sandro,SUI,116.0,,116.0
2025-12-13,Klingenthal,3223,35,27,AIGRO Artti,EST,115.5,,115.5
2025-12-13,Klingenthal,3223,36,25,AALTO Antti,FIN,115.2,,115.2
2025-12-13,Klingenthal,3223,37,19,OBLAK Rok,SLO,114.9,,114.9
2025-12-13,Klingenthal,3223,38,11,MIZERNYKH Ilya,KAZ,114.8,,114.8
2025-12-13,Klingenthal,3223,39,15,WASEK Pawel,POL,112.5,,112.5
2025-12-13,Klingenthal,3223,40,26,WELLINGER Andreas,GER,112.1,,112.1
2025-12-13,Klingenthal,3223,41,34,PASCHKE Pius,GER,109.9,,109.9
2025-12-13,Klingenthal,3223,42,14,NAITO Tomofumi,JPN,108.7,,108.7
2025-12-13,Klingenthal,3223,43,4,PALOSAARI Vilho,FIN,107.9,,107.9
2025-12-13,Klingenthal,3223,44,18,OESTVOLD Benjamin,NOR,103.2,,103.2
2025-12-13,Klingenthal,3223,45,7,ROTH Luca,GER,102.1,,102.1
2025-12-13,Klingenthal,3223,46,3,CHERVET Jules,FRA,100.7,,100.7
2025-12-13,Klingenthal,3223,49,1,KOS Lovro,SLO,99.4,,99.4
2025-12-13,Klingenthal,3223,50,2,PEIER Killian,SUI,95.1,,95.1
2025-12-14,Klingenthal,3228,1,64,PREVC Domen,SLO,141.1,134.0,275.1
2025-12-14,Klingenthal,3228,2,58,NIKAIDO Ren,JPN,139.0,123.1,262.1
2025-12-14,Klingenthal,3228,3,62,KOBAYASHI Ryoyu,JPN,140.9,120.1,261.0
2025-12-14,Klingenthal,3228,4,53,FOUBERT Valentin,FRA,132.0,125.4,257.4
2025-12-14,Klingenthal,3228,5,49,SUNDAL Kristoffer Eriksen,NOR,130.4,122.1,252.5
2025-12-14,Klingenthal,3228,6,24,NAITO Tomofumi,JPN,124.9,127.1,252.0
2025-12-14,Klingenthal,3228,7,43,GRANERUD Halvor Egner,NOR,121.6,127.2,248.8
2025-12-14,Klingenthal,3228,8,55,EMBACHER Stephan,AUT,118.9,123.3,242.2
2025-12-14,Klingenthal,3228,9,52,FETTNER Manuel,AUT,128.8,113.3,242.1
2025-12-14,Klingenthal,3228,10,61,RAIMUND Philipp,GER,126.5,111.5,238.0
2025-12-14,Klingenthal,3228,11,59,KRAFT Stefan,AUT,128.1,109.0,237.1
2025-12-14,Klingenthal,3228,12,56,HOFFMANN Felix,GER,114.6,119.6,234.2
2025-12-14,Klingenthal,3228,13,41,FORFANG Johann Andre,NOR,118.3,115.2,233.5
2025-12-14,Klingenthal,3228,14,54,ZOGRAFSKI Vladimir,BUL,116.5,114.4,230.9
2025-12-14,Klingenthal,3228,15,48,ZAJC Timi,SLO,127.9,99.8,227.7
2025-12-14,Klingenthal,3228,16,47,LINDVIK Marius,NOR,125.4,100.6,226.0
2025-12-14,Klingenthal,3228,17,50,NAKAMURA Naoki,JPN,113.9,111.5,225.4
2025-12-14,Klingenthal,3228,18,60,TSCHOFENIG Daniel,AUT,109.9,114.2,224.1
2025-12-14,Klingenthal,3228,19,35,SCHUSTER Jonas,AUT,109.4,112.6,222.0
2025-12-14,Klingenthal,3228,20,42,ZYLA Piotr,POL,116.0,105.1,221.1
2025-12-14,Klingenthal,3228,21,25,WASEK Pawel,POL,111.8,108.9,220.7
2025-12-14,Klingenthal,3228,22,36,AALTO Antti,FIN,108.8,109.0,217.8
2025-12-14,Klingenthal,3228,23,45,DESCHWANDEN Gregor,SUI,111.0,106.2,217.2
2025-12-14,Klingenthal,3228,24,26,VASSILYEV Danil,KAZ,116.1,100.7,216.8
2025-12-14,Klingenthal,3228,25,63,LANISEK Anze,SLO,114.8,101.1,215.9
2025-12-14,Klingenthal,3228,26,46,PASCHKE Pius,GER,110.2,104.0,214.2
2025-12-14,Klingenthal,3228,27,34,SATO Yukiya,JPN,113.2,94.2,207.4
2025-12-14,Klingenthal,3228,28,33,KUBACKI Dawid,POL,110.4,96.8,207.2
2025-12-14,Klingenthal,3228,29,13,HAUSWIRTH Sandro,SUI,108.4,98.3,206.7
2025-12-14,Klingenthal,3228,30,19,FRANTZ Tate,USA,111.7,67.6,179.3
2025-12-14,Klingenthal,3228,31,44,STOCH Kamil,POL,108.1,,108.1
2025-12-14,Klingenthal,3228,32,51,TOMASIAK Kacper,POL,107.8,,107.8
2025-12-14,Klingenthal,3228,33,20,MIZERNYKH Ilya,KAZ,107.1,,107.1
2025-12-14,Klingenthal,3228,34,31,OBLAK Rok,SLO,104.0,,104.0
2025-12-14,Klingenthal,3228,35,57,HOERL Jan,AUT,103.7,,103.7
2025-12-14,Klingenthal,3228,36,39,AIGRO Artti,EST,103.6,,103.6
2025-12-14,Klingenthal,3228,37,30,KOT Maciej,POL,101.4,,101.4
2025-12-14,Klingenthal,3228,38,29,OESTVOLD Benjamin,NOR,100.4,,100.4
2025-12-14,Klingenthal,3228,39,28,BICKNER Kevin,USA,99.5,,99.5
2025-12-14,Klingenthal,3228,40,8,PALOSAARI Vilho,FIN,98.1,,98.1
2025-12-14,Klingenthal,3228,41,38,COLBY Jason,USA,95.5,,95.5
2025-12-14,Klingenthal,3228,42,5,CHERVET Jules,FRA,90.7,,90.7
2025-12-14,Klingenthal,3228,43,16,ROTH Luca,GER,90.0,,90.0
2025-12-14,Klingenthal,3228,44,12,BELSHAW Erik,USA,89.4,,89.4
2025-12-14,Klingenthal,3228,45,11,PEIER Killian,SUI,87.9,,87.9
2025-12-14,Klingenthal,3228,46,40,KYTOSAHO Niko,FIN,86.0,,86.0
2025-12-14,Klingenthal,3228,47,23,INSAM Alex,ITA,84.4,,84.4
2025-12-14,Klingenthal,3228,48,17,KALINICHENKO Vitaliy,UKR,84.2,,84.2
2025-12-14,Klingenthal,3228,49,22,AMMANN Simon,SUI,76.8,,76.8
2025-12-20,Engelberg,3098,1,50,PREVC Domen,SLO,161.7,168.5,330.2
2025-12-20,Engelberg,3098,2,41,HOFFMANN Felix,GER,161.5,164.9,326.4
2025-12-20,Engelberg,3098,3,46,NIKAIDO Ren,JPN,163.5,154.6,318.1
2025-12-20,Engelberg,3098,4,47,RAIMUND Philipp,GER,157.1,157.9,315.0
2025-12-20,Engelberg,3098,5,25,SCHUSTER Jonas,AUT,159.2,155.7,314.9
2025-12-20,Engelberg,3098,6,49,KOBAYASHI Ryoyu,JPN,163.7,150.4,314.1
2025-12-20,Engelberg,3098,7,22,COLBY Jason,USA,159.6,154.3,313.9
2025-12-20,Engelberg,3098,8,43,HOERL Jan,AUT,153.8,153.0,306.8
2025-12-20,Engelberg,3098,9,48,LANISEK Anze,SLO,152.1,149.3,301.4
2025-12-20,Engelberg,3098,12,39,FOUBERT Valentin,FRA,141.1,155.5,296.6
2025-12-20,Engelberg,3098,15,31,PASCHKE Pius,GER,143.2,147.2,290.4
2025-12-20,Engelberg,3098,16,45,TSCHOFENIG Daniel,AUT,149.3,140.7,290.0
2025-12-20,Engelberg,3098,19,32,GRANERUD Halvor Egner,NOR,147.6,138.6,286.2
2025-12-20,Engelberg,3098,20,12,AMMANN Simon,SUI,141.4,143.7,285.1
2025-12-20,Engelberg,3098,21,19,KOBAYASHI Sakutaro,JPN,147.1,137.2,284.3
2025-12-20,Engelberg,3098,22,29,STOCH Kamil,POL,143.5,139.9,283.4
2025-12-20,Engelberg,3098,23,37,SUNDAL Kristoffer Eriksen,NOR,135.3,147.3,282.6
2025-12-20,Engelberg,3098,26,9,HAUSWIRTH Sandro,SUI,147.3,134.3,281.6
2025-12-20,Engelberg,3098,27,33,LINDVIK Marius,NOR,137.6,142.9,280.5
2025-12-20,Engelberg,3098,27,23,NAITO Tomofumi,JPN,149.9,130.6,280.5
2025-12-20,Engelberg,3098,29,5,PEIER Killian,SUI,137.5,131.5,269.0
2025-12-20,Engelberg,3098,30,26,KYTOSAHO Niko,FIN,149.4,118.6,268.0
2025-12-20,Engelberg,3098,31,30,DESCHWANDEN Gregor,SUI,135.0,,135.0
2025-12-20,Engelberg,3098,32,15,BICKNER Kevin,USA,134.3,,134.3
2025-12-20,Engelberg,3098,33,40,ZOGRAFSKI Vladimir,BUL,134.1,,134.1
2025-12-20,Engelberg,3098,34,2,WASSER Yanick,SUI,132.7,,132.7
2025-12-20,Engelberg,3098,35,36,NAKAMURA Naoki,JPN,132.3,,132.3
2025-12-20,Engelberg,3098,36,17,KOT Maciej,POL,131.6,,131.6
2025-12-20,Engelberg,3098,37,10,FRANTZ Tate,USA,131.5,,131.5
2025-12-20,Engelberg,3098,38,6,BAYER Ben,GER,131.2,,131.2
2025-12-20,Engelberg,3098,39,8,KOUDELKA Roman,CZE,131.0,,131.0
2025-12-20,Engelberg,3098,40,18,OBLAK Rok,SLO,129.5,,129.5
2025-12-20,Engelberg,3098,41,11,URLAUB Andrew,USA,129.3,,129.3
2025-12-20,Engelberg,3098,42,16,VASSILYEV Danil,KAZ,128.9,,128.9
2025-12-20,Engelberg,3098,43,4,PALOSAARI Vilho,FIN,125.3,,125.3
2025-12-20,Engelberg,3098,44,20,KUBACKI Dawid,POL,122.9,,122.9
2025-12-20,Engelberg,3098,45,14,BRESADOLA Giovanni,ITA,122.5,,122.5
2025-12-20,Engelberg,3098,46,42,EMBACHER Stephan,AUT,122.0,,122.0
2025-12-20,Engelberg,3098,47,38,FETTNER Manuel,AUT,113.9,,113.9
2025-12-20,Engelberg,3098,48,7,MILESI Enzo,FRA,111.5,,111.5
2025-12-21,Engelberg,3102,1,66,KOBAYASHI Ryoyu,JPN,146.6,163.4,310.0
2025-12-21,Engelberg,3102,3,60,HOFFMANN Felix,GER,145.3,158.5,303.8
2025-12-21,Engelberg,3102,5,52,TOMASIAK Kacper,POL,149.0,144.8,293.8
2025-12-21,Engelberg,3102,6,46,SCHUSTER Jonas,AUT,144.5,148.5,293.0
2025-12-21,Engelberg,3102,7,47,FORFANG Johann Andre,NOR,149.1,142.1,291.2
2025-12-21,Engelberg,3102,8,58,EMBACHER Stephan,AUT,142.2,147.9,290.1
2025-12-21,Engelberg,3102,9,53,ZAJC Timi,SLO,138.6,151.4,290.0
2025-12-21,Engelberg,3102,10,63,NIKAIDO Ren,JPN,143.6,146.3,289.9
2025-12-21,Engelberg,3102,12,54,SUNDAL Kristoffer Eriksen,NOR,144.2,139.5,283.7
2025-12-21,Engelberg,3102,14,65,LANISEK Anze,SLO,136.6,142.3,278.9
2025-12-21,Engelberg,3102,15,59,HOERL Jan,AUT,135.1,143.1,278.2
2025-12-21,Engelberg,3102,16,40,KYTOSAHO Niko,FIN,141.6,135.2,276.8
2025-12-21,Engelberg,3102,17,50,LINDVIK Marius,NOR,140.3,129.0,269.3
2025-12-21,Engelberg,3102,18,44,STOCH Kamil,POL,135.5,133.2,268.7
2025-12-21,Engelberg,3102,19,62,KRAFT Stefan,AUT,141.0,126.6,267.6
2025-12-21,Engelberg,3102,20,38,AALTO Antti,FIN,132.0,133.1,265.1
2025-12-21,Engelberg,3102,21,37,SATO Yukiya,JPN,130.2,134.4,264.6
2025-12-21,Engelberg,3102,24,21,KESSELI Juri,SUI,134.1,125.5,259.6
2025-12-21,Engelberg,3102,25,41,AIGRO Artti,EST,130.3,127.9,258.2
2025-12-21,Engelberg,3102,26,2,WASSER Yanick,SUI,131.2,126.9,258.1
2025-12-21,Engelberg,3102,27,33,KOT Maciej,POL,131.5,119.1,250.6
2025-12-21,Engelberg,3102,28,17,ROTH Luca,GER,133.1,114.6,247.7
2025-12-21,Engelberg,3102,29,30,BICKNER Kevin,USA,132.9,110.7,243.6
2025-12-21,Engelberg,3102,31,36,KOBAYASHI Sakutaro,JPN,130.1,,130.1
2025-12-21,Engelberg,3102,32,49,GRANERUD Halvor Egner,NOR,128.9,,128.9
2025-12-21,Engelberg,3102,33,20,PEIER Killian,SUI,127.6,,127.6
2025-12-21,Engelberg,3102,34,61,TSCHOFENIG Daniel,AUT,127.0,,127.0
2025-12-21,Engelberg,3102,35,34,OBLAK Rok,SLO,126.4,,126.4
2025-12-21,Engelberg,3102,36,48,PASCHKE Pius,GER,126.0,,126.0
2025-12-21,Engelberg,3102,37,29,AMMANN Simon,SUI,124.6,,124.6
2025-12-21,Engelberg,3102,38,26,TRUNZ Felix,SUI,123.5,,123.5
2025-12-21,Engelberg,3102,39,45,DESCHWANDEN Gregor,SUI,123.4,,123.4
2025-12-21,Engelberg,3102,40,11,KAPUSTIK Hektor,SVK,122.1,,122.1
2025-12-21,Engelberg,3102,41,18,PALOSAARI Vilho,FIN,121.3,,121.3
2025-12-21,Engelberg,3102,42,43,ZYLA Piotr,POL,120.8,,120.8
2025-12-21,Engelberg,3102,43,35,KUBACKI Dawid,POL,116.4,,116.4
2025-12-21,Engelberg,3102,44,57,FOUBERT Valentin,FRA,113.6,,113.6
2025-12-21,Engelberg,3102,45,39,NAITO Tomofumi,JPN,113.2,,113.2
2025-12-21,Engelberg,3102,46,42,COLBY Jason,USA,102.8,,102.8
2025-12-21,Engelberg,3102,47,25,URLAUB Andrew,USA,102.7,,102.7
2025-12-21,Engelberg,3102,48,1,IMHOF Remo,SUI,93.9,,93.9
2025-12-21,Engelberg,3102,49,16,KOS Lovro,SLO,93.6,,93.6
2025-12-29,Oberstdorf,3104,1,1,PREVC Domen,SLO,162.2,154.5,316.7
2025-12-29,Oberstdorf,3104,2,3,TSCHOFENIG Daniel,AUT,152.2,147.0,299.2
2025-12-29,Oberstdorf,3104,3,12,HOFFMANN Felix,GER,149.9,147.4,297.3
2025-12-29,Oberstdorf,3104,4,5,HOERL Jan,AUT,153.9,143.2,297.1
2025-12-29,Oberstdorf,3104,5,2,RAIMUND Philipp,GER,148.6,147.0,295.6
2025-12-29,Oberstdorf,3104,6,7,KOBAYASHI Ryoyu,JPN,146.9,148.1,295.0
2025-12-29,Oberstdorf,3104,7,6,EMBACHER Stephan,AUT,142.6,148.6,291.2
2025-12-29,Oberstdorf,3104,8,16,SCHUSTER Jonas,AUT,152.4,135.3,287.7
2025-12-29,Oberstdorf,3104,9,33,KRAFT Stefan,AUT,148.5,137.9,286.4
2025-12-29,Oberstdorf,3104,11,9,LANISEK Anze,SLO,142.4,142.2,284.6
2025-12-29,Oberstdorf,3104,12,24,ORTNER Maximilian,AUT,147.9,134.8,282.7
2025-12-29,Oberstdorf,3104,13,31,NIKAIDO Ren,JPN,145.2,135.9,281.1
2025-12-29,Oberstdorf,3104,14,25,TOMASIAK Kacper,POL,141.9,137.8,279.7
2025-12-29,Oberstdorf,3104,15,11,NAKAMURA Naoki,JPN,140.5,138.2,278.7
2025-12-29,Oberstdorf,3104,16,13,FETTNER Manuel,AUT,135.1,137.1,272.2
2025-12-29,Oberstdorf,3104,17,14,STOCH Kamil,POL,137.0,134.2,271.2
2025-12-29,Oberstdorf,3104,20,15,GRANERUD Halvor Egner,NOR,127.7,135.9,263.6
2025-12-29,Oberstdorf,3104,21,10,FORFANG Johann Andre,NOR,131.0,130.8,261.8
2025-12-29,Oberstdorf,3104,22,8,DESCHWANDEN Gregor,SUI,132.1,128.7,260.8
2025-12-29,Oberstdorf,3104,26,29,AIGRO Artti,EST,129.8,122.4,252.2
2025-12-29,Oberstdorf,3104,28,32,WASEK Pawel,POL,127.8,110.2,238.0
2025-12-29,Oberstdorf,3104,29,30,PEDERSEN Robin,NOR,124.1,104.4,228.5
2025-12-29,Oberstdorf,3104,30,41,FOUBERT Valentin,FRA,127.5,,127.5
2025-12-29,Oberstdorf,3104,31,28,AALTO Antti,FIN,124.5,,124.5
2025-12-29,Oberstdorf,3104,32,21,PASCHKE Pius,GER,123.8,,123.8
2025-12-29,Oberstdorf,3104,33,19,KOT Maciej,POL,123.1,,123.1
2025-12-29,Oberstdorf,3104,34,36,AMMANN Simon,SUI,122.5,,122.5
2025-12-29,Oberstdorf,3104,35,37,NAITO Tomofumi,JPN,122.4,,122.4
2025-12-29,Oberstdorf,3104,36,22,ZYLA Piotr,POL,118.8,,118.8
2025-12-29,Oberstdorf,3104,37,35,KOBAYASHI Sakutaro,JPN,116.8,,116.8
2025-12-29,Oberstdorf,3104,38,26,KYTOSAHO Niko,FIN,116.3,,116.3
2025-12-29,Oberstdorf,3104,39,48,KOUDELKA Roman,CZE,114.0,,114.0
2025-12-29,Oberstdorf,3104,40,45,LANGMO Isak Andreas,NOR,112.4,,112.4
2025-12-29,Oberstdorf,3104,41,49,KOBAYASHI Junshiro,JPN,111.5,,111.5
2025-12-29,Oberstdorf,3104,42,50,NOUSIAINEN Eetu,FIN,108.5,,108.5
2025-12-29,Oberstdorf,3104,43,40,BICKNER Kevin,USA,107.6,,107.6
2025-12-29,Oberstdorf,3104,44,46,ROTH Luca,GER,107.2,,107.2
2025-12-29,Oberstdorf,3104,47,43,VAGUL Kaimar,EST,104.6,,104.6
2025-12-29,Oberstdorf,3104,48,39,WELLINGER Andreas,GER,102.5,,102.5
2025-12-29,Oberstdorf,3104,49,44,SCHMID Constantin,GER,94.6,,94.6
2026-01-01,Garmisch-Partenkirchen,3106,1,1,PREVC Domen,SLO,149.3,153.8,303.1
2026-01-01,Garmisch-Partenkirchen,3106,2,2,HOERL Jan,AUT,146.1,141.6,287.7
2026-01-01,Garmisch-Partenkirchen,3106,3,3,EMBACHER Stephan,AUT,138.1,149.0,287.1
2026-01-01,Garmisch-Partenkirchen,3106,4,6,NIKAIDO Ren,JPN,138.8,145.3,284.1
2026-01-01,Garmisch-Partenkirchen,3106,5,11,KOBAYASHI Ryoyu,JPN,128.6,149.2,277.8
2026-01-01,Garmisch-Partenkirchen,3106,6,8,HOFFMANN Felix,GER,137.0,138.9,275.9
2026-01-01,Garmisch-Partenkirchen,3106,7,5,RAIMUND Philipp,GER,133.4,137.6,271.0
2026-01-01,Garmisch-Partenkirchen,3106,8,12,TOMASIAK Kacper,POL,132.7,128.1,260.8
2026-01-01,Garmisch-Partenkirchen,3106,9,13,TSCHOFENIG Daniel,AUT,128.8,128.6,257.4
2026-01-01,Garmisch-Partenkirchen,3106,10,14,ORTNER Maximilian,AUT,123.8,131.3,255.1
2026-01-01,Garmisch-Partenkirchen,3106,10,19,DESCHWANDEN Gregor,SUI,125.3,129.8,255.1
2026-01-01,Garmisch-Partenkirchen,3106,12,4,LANISEK Anze,SLO,120.5,134.4,254.9
2026-01-01,Garmisch-Partenkirchen,3106,13,7,FETTNER Manuel,AUT,132.3,121.1,253.4
2026-01-01,Garmisch-Partenkirchen,3106,14,21,ZOGRAFSKI Vladimir,BUL,126.7,125.1,251.8
2026-01-01,Garmisch-Partenkirchen,3106,16,16,SUNDAL Kristoffer Eriksen,NOR,129.3,121.4,250.7
2026-01-01,Garmisch-Partenkirchen,3106,17,24,PEDERSEN Robin,NOR,124.9,124.5,249.4
2026-01-01,Garmisch-Partenkirchen,3106,18,18,FORFANG Johann Andre,NOR,122.6,125.4,248.0
2026-01-01,Garmisch-Partenkirchen,3106,18,23,HAUSWIRTH Sandro,SUI,119.4,128.6,248.0
2026-01-01,Garmisch-Partenkirchen,3106,20,10,STOCH Kamil,POL,120.7,121.4,242.1
2026-01-01,Garmisch-Partenkirchen,3106,21,20,PASCHKE Pius,GER,117.4,122.7,240.1
2026-01-01,Garmisch-Partenkirchen,3106,23,17,KOT Maciej,POL,119.6,119.6,239.2
2026-01-01,Garmisch-Partenkirchen,3106,24,15,SCHUSTER Jonas,AUT,113.9,124.9,238.8
2026-01-01,Garmisch-Partenkirchen,3106,26,25,KRAFT Stefan,AUT,111.4,120.8,232.2
2026-01-01,Garmisch-Partenkirchen,3106,27,22,FOUBERT Valentin,FRA,118.0,113.5,231.5
2026-01-01,Garmisch-Partenkirchen,3106,30,42,BOYD-CLOWES Mackenzie,CAN,98.7,102.3,201.0
2026-01-01,Garmisch-Partenkirchen,3106,31,32,MIZERNYKH Ilya,KAZ,111.3,,111.3
2026-01-01,Garmisch-Partenkirchen,3106,32,27,WELLINGER Andreas,GER,111.2,,111.2
2026-01-01,Garmisch-Partenkirchen,3106,33,31,GEIGER Karl,GER,111.0,,111.0
2026-01-01,Garmisch-Partenkirchen,3106,34,39,AMMANN Simon,SUI,109.8,,109.8
2026-01-01,Garmisch-Partenkirchen,3106,35,33,WASEK Pawel,POL,107.4,,107.4
2026-01-01,Garmisch-Partenkirchen,3106,36,49,MOGEL Zak,SLO,107.0,,107.0
2026-01-01,Garmisch-Partenkirchen,3106,37,36,KYTOSAHO Niko,FIN,106.3,,106.3
2026-01-01,Garmisch-Partenkirchen,3106,38,26,OBLAK Rok,SLO,106.2,,106.2
2026-01-01,Garmisch-Partenkirchen,3106,39,40,KOUDELKA Roman,CZE,105.7,,105.7
2026-01-01,Garmisch-Partenkirchen,3106,40,41,MARUSIAK Yevhen,UKR,104.9,,104.9
2026-01-01,Garmisch-Partenkirchen,3106,41,46,NOUSIAINEN Eetu,FIN,103.7,,103.7
2026-01-01,Garmisch-Partenkirchen,3106,42,44,CHERVET Jules,FRA,102.6,,102.6
2026-01-01,Garmisch-Partenkirchen,3106,43,28,BAYER Ben,GER,101.3,,101.3
2026-01-01,Garmisch-Partenkirchen,3106,44,47,FRANTZ Tate,USA,96.1,,96.1
2026-01-01,Garmisch-Partenkirchen,3106,45,50,KESSELI Juri,SUI,94.1,,94.1
2026-01-01,Garmisch-Partenkirchen,3106,46,48,BICKNER Kevin,USA,90.7,,90.7
2026-01-01,Garmisch-Partenkirchen,3106,47,45,VASSILYEV Danil,KAZ,88.2,,88.2
2026-01-04,Innsbruck,3108,2,30,PREVC Domen,SLO,137.3,138.7,276.0
2026-01-04,Innsbruck,3108,4,1,HOERL Jan,AUT,138.7,130.9,269.6
2026-01-04,Innsbruck,3108,5,5,HOFFMANN Felix,GER,130.0,137.2,267.2
2026-01-04,Innsbruck,3108,6,4,TSCHOFENIG Daniel,AUT,126.7,128.6,255.3
2026-01-04,Innsbruck,3108,7,8,LANISEK Anze,SLO,127.1,126.5,253.6
2026-01-04,Innsbruck,3108,8,19,TOMASIAK Kacper,POL,126.6,125.4,252.0
2026-01-04,Innsbruck,3108,9,18,COLBY Jason,USA,130.9,120.0,250.9
2026-01-04,Innsbruck,3108,10,11,KOBAYASHI Ryoyu,JPN,123.4,127.3,250.7
2026-01-04,Innsbruck,3108,11,25,FORFANG Johann Andre,NOR,123.6,125.1,248.7
2026-01-04,Innsbruck,3108,12,16,RAIMUND Philipp,GER,126.4,121.0,247.4
2026-01-04,Innsbruck,3108,13,2,KRAFT Stefan,AUT,125.3,120.9,246.2
2026-01-04,Innsbruck,3108,14,7,FETTNER Manuel,AUT,118.1,126.7,244.8
2026-01-04,Innsbruck,3108,15,9,SUNDAL Kristoffer Eriksen,NOR,123.8,118.3,242.1
2026-01-04,Innsbruck,3108,16,24,ORTNER Maximilian,AUT,118.7,121.2,239.9
2026-01-04,Innsbruck,3108,20,14,MIZERNYKH Ilya,KAZ,118.2,118.6,236.8
2026-01-04,Innsbruck,3108,21,12,OBLAK Rok,SLO,117.1,116.6,233.7
2026-01-04,Innsbruck,3108,22,22,AALTO Antti,FIN,116.7,114.6,231.3
2026-01-04,Innsbruck,3108,23,17,ZOGRAFSKI Vladimir,BUL,113.7,117.4,231.1
2026-01-04,Innsbruck,3108,24,28,DESCHWANDEN Gregor,SUI,114.6,114.3,228.9
2026-01-04,Innsbruck,3108,25,15,SATO Yukiya,JPN,117.2,111.6,228.8
2026-01-04,Innsbruck,3108,26,20,SCHUSTER Jonas,AUT,116.8,111.8,228.6
2026-01-04,Innsbruck,3108,33,29,VASSILYEV Danil,KAZ,110.8,,110.8
2026-01-04,Innsbruck,3108,34,37,LANGMO Isak Andreas,NOR,110.5,,110.5
2026-01-04,Innsbruck,3108,35,47,NOUSIAINEN Eetu,FIN,110.4,,110.4
2026-01-04,Innsbruck,3108,36,34,BACHLINGER Niklas,AUT,110.3,,110.3
2026-01-04,Innsbruck,3108,37,49,WELLINGER Andreas,GER,110.0,,110.0
2026-01-04,Innsbruck,3108,38,32,KOT Maciej,POL,108.9,,108.9
2026-01-04,Innsbruck,3108,39,50,PEIER Killian,SUI,108.5,,108.5
2026-01-04,Innsbruck,3108,40,48,LEITNER Clemens,AUT,108.3,,108.3
2026-01-04,Innsbruck,3108,41,27,STOCH Kamil,POL,107.2,,107.2
2026-01-04,Innsbruck,3108,42,42,AIGNER Clemens,AUT,105.2,,105.2
2026-01-04,Innsbruck,3108,43,45,PEDERSEN Robin,NOR,104.1,,104.1
2026-01-04,Innsbruck,3108,44,46,INSAM Alex,ITA,104.0,,104.0
2026-01-04,Innsbruck,3108,45,41,MOGEL Zak,SLO,102.3,,102.3
2026-01-04,Innsbruck,3108,46,44,KOBAYASHI Junshiro,JPN,100.8,,100.8
2026-01-04,Innsbruck,3108,47,40,PALOSAARI Vilho,FIN,99.8,,99.8
2026-01-04,Innsbruck,3108,48,31,BICKNER Kevin,USA,96.7,,96.7
2026-01-04,Innsbruck,3108,49,33,BRESADOLA Giovanni,ITA,95.4,,95.4
2026-01-04,Innsbruck,3108,50,26,KOBAYASHI Sakutaro,JPN,95.0,,95.0
2026-01-06,Bischofshofen,3110,1,4,TSCHOFENIG Daniel,AUT,146.5,157.4,303.9
2026-01-06,Bischofshofen,3110,2,1,PREVC Domen,SLO,150.4,149.4,299.8
2026-01-06,Bischofshofen,3110,3,5,KOBAYASHI Ryoyu,JPN,149.6,150.0,299.6
2026-01-06,Bischofshofen,3110,4,3,HOERL Jan,AUT,146.2,152.7,298.9
2026-01-06,Bischofshofen,3110,5,2,EMBACHER Stephan,AUT,144.2,152.3,296.5
2026-01-06,Bischofshofen,3110,6,13,KRAFT Stefan,AUT,140.3,148.4,288.7
2026-01-06,Bischofshofen,3110,7,15,FETTNER Manuel,AUT,141.0,145.1,286.1
2026-01-06,Bischofshofen,3110,8,8,NIKAIDO Ren,JPN,134.9,146.9,281.8
2026-01-06,Bischofshofen,3110,9,12,LANISEK Anze,SLO,135.8,145.6,281.4
2026-01-06,Bischofshofen,3110,10,11,HOFFMANN Felix,GER,136.8,143.1,279.9
2026-01-06,Bischofshofen,3110,11,21,AIGNER Clemens,AUT,137.3,141.4,278.7
2026-01-06,Bischofshofen,3110,12,6,RAIMUND Philipp,GER,142.8,132.8,275.6
2026-01-06,Bischofshofen,3110,13,7,GRANERUD Halvor Egner,NOR,130.9,139.4,270.3
2026-01-06,Bischofshofen,3110,14,24,ZOGRAFSKI Vladimir,BUL,131.7,137.6,269.3
2026-01-06,Bischofshofen,3110,16,10,SCHUSTER Jonas,AUT,133.2,131.2,264.4
2026-01-06,Bischofshofen,3110,17,16,KOT Maciej,POL,125.1,137.1,262.2
2026-01-06,Bischofshofen,3110,18,19,STOCH Kamil,POL,126.8,133.0,259.8
2026-01-06,Bischofshofen,3110,19,14,TOMASIAK Kacper,POL,124.8,134.8,259.6
2026-01-06,Bischofshofen,3110,20,9,LANGMO Isak Andreas,NOR,126.0,129.8,255.8
2026-01-06,Bischofshofen,3110,21,20,FOUBERT Valentin,FRA,125.3,129.3,254.6
2026-01-06,Bischofshofen,3110,22,17,HAUSWIRTH Sandro,SUI,121.2,132.6,253.8
2026-01-06,Bischofshofen,3110,24,25,PASCHKE Pius,GER,121.5,127.6,249.1
2026-01-06,Bischofshofen,3110,27,22,ORTNER Maximilian,AUT,120.8,120.0,240.8
2026-01-06,Bischofshofen,3110,28,28,OBLAK Rok,SLO,117.2,118.3,235.5
2026-01-06,Bischofshofen,3110,29,33,PEIER Killian,SUI,114.1,121.3,235.4
2026-01-06,Bischofshofen,3110,31,43,BRESADOLA Giovanni,ITA,117.8,,117.8
2026-01-06,Bischofshofen,3110,32,29,PEDERSEN Robin,NOR,117.7,,117.7
2026-01-06,Bischofshofen,3110,33,32,KUBACKI Dawid,POL,114.7,,114.7
2026-01-06,Bischofshofen,3110,34,41,COLBY Jason,USA,114.1,,114.1
2026-01-06,Bischofshofen,3110,35,23,WELLINGER Andreas,GER,113.6,,113.6
2026-01-06,Bischofshofen,3110,36,39,LEITNER Clemens,AUT,112.1,,112.1
2026-01-06,Bischofshofen,3110,37,31,SUNDAL Kristoffer Eriksen,NOR,112.0,,112.0
2026-01-06,Bischofshofen,3110,38,45,TRUNZ Felix,SUI,110.5,,110.5
2026-01-06,Bischofshofen,3110,39,35,WASEK Pawel,POL,108.2,,108.2
2026-01-06,Bischofshofen,3110,40,34,BACHLINGER Niklas,AUT,105.9,,105.9
2026-01-06,Bischofshofen,3110,41,46,MASLE Rok,SLO,104.6,,104.6
2026-01-06,Bischofshofen,3110,42,36,NOUSIAINEN Eetu,FIN,103.3,,103.3
2026-01-06,Bischofshofen,3110,43,40,AALTO Antti,FIN,103.2,,103.2
2026-01-06,Bischofshofen,3110,44,18,DESCHWANDEN Gregor,SUI,101.9,,101.9
2026-01-06,Bischofshofen,3110,45,44,GEIGER Karl,GER,101.6,,101.6
2026-01-06,Bischofshofen,3110,46,49,BICKNER Kevin,USA,101.4,,101.4
2026-01-06,Bischofshofen,3110,47,27,NAKAMURA Naoki,JPN,101.2,,101.2
2026-01-06,Bischofshofen,3110,48,30,PALOSAARI Vilho,FIN,98.2,,98.2
2026-01-06,Bischofshofen,3110,49,50,BOYD-CLOWES Mackenzie,CAN,95.5,,95.5
2026-01-11,Zakopane,3114,1,49,LANISEK Anze,SLO,133.4,144.7,278.1
2026-01-11,Zakopane,3114,2,48,HOERL Jan,AUT,134.4,130.4,264.8
2026-01-11,Zakopane,3114,3,44,FETTNER Manuel,AUT,129.1,133.6,262.7
2026-01-11,Zakopane,3114,4,38,LINDVIK Marius,NOR,124.1,131.5,255.6
2026-01-11,Zakopane,3114,5,47,EMBACHER Stephan,AUT,107.8,130.1,237.9
2026-01-11,Zakopane,3114,6,41,FORFANG Johann Andre,NOR,103.5,131.2,234.7
2026-01-11,Zakopane,3114,7,31,AALTO Antti,FIN,111.9,120.6,232.5
2026-01-11,Zakopane,3114,8,21,OESTVOLD Benjamin,NOR,121.6,110.6,232.2
2026-01-11,Zakopane,3114,11,46,TOMASIAK Kacper,POL,113.8,114.9,228.7
2026-01-11,Zakopane,3114,12,42,FOUBERT Valentin,FRA,103.6,123.6,227.2
2026-01-11,Zakopane,3114,13,32,ORTNER Maximilian,AUT,104.3,122.6,226.9
2026-01-11,Zakopane,3114,14,45,ZOGRAFSKI Vladimir,BUL,128.1,98.5,226.6
2026-01-11,Zakopane,3114,15,39,ZAJC Timi,SLO,105.7,120.6,226.3
2026-01-11,Zakopane,3114,16,43,SUNDAL Kristoffer Eriksen,NOR,110.8,113.1,223.9
2026-01-11,Zakopane,3114,17,34,DESCHWANDEN Gregor,SUI,109.8,113.2,223.0
2026-01-11,Zakopane,3114,18,27,KOT Maciej,POL,108.9,112.5,221.4
2026-01-11,Zakopane,3114,19,15,INSAM Alex,ITA,112.5,106.1,218.6
2026-01-11,Zakopane,3114,20,2,KAPUSTIK Hektor,SVK,117.7,97.9,215.6
2026-01-11,Zakopane,3114,23,25,WASEK Pawel,POL,115.2,96.9,212.1
2026-01-11,Zakopane,3114,24,20,VASSILYEV Danil,KAZ,108.1,102.3,210.4
2026-01-11,Zakopane,3114,26,18,KOUDELKA Roman,CZE,108.8,97.7,206.5
2026-01-11,Zakopane,3114,27,50,PREVC Domen,SLO,112.3,91.7,204.0
2026-01-11,Zakopane,3114,29,40,SCHUSTER Jonas,AUT,122.0,77.7,199.7
2026-01-11,Zakopane,3114,30,8,MOGEL Zak,SLO,104.9,89.2,194.1
2026-01-11,Zakopane,3114,31,14,GEIGER Karl,GER,102.4,,102.4
2026-01-11,Zakopane,3114,34,12,PEIER Killian,SUI,100.6,,100.6
2026-01-11,Zakopane,3114,35,24,OBLAK Rok,SLO,99.9,,99.9
2026-01-11,Zakopane,3114,36,22,KUBACKI Dawid,POL,99.4,,99.4
2026-01-11,Zakopane,3114,37,33,COLBY Jason,USA,99.1,,99.1
2026-01-11,Zakopane,3114,38,11,KALINICHENKO Vitaliy,UKR,98.0,,98.0
2026-01-11,Zakopane,3114,39,23,KOBAYASHI Sakutaro,JPN,97.6,,97.6
2026-01-11,Zakopane,3114,40,29,NAITO Tomofumi,JPN,97.3,,97.3
2026-01-11,Zakopane,3114,41,16,LANGMO Isak Andreas,NOR,97.1,,97.1
2026-01-11,Zakopane,3114,42,36,STOCH Kamil,POL,96.3,,96.3
2026-01-11,Zakopane,3114,43,9,KOBAYASHI Junshiro,JPN,95.7,,95.7
2026-01-11,Zakopane,3114,44,13,TRUNZ Felix,SUI,92.8,,92.8
2026-01-11,Zakopane,3114,45,7,NOUSIAINEN Eetu,FIN,92.4,,92.4
2026-01-11,Zakopane,3114,46,6,MAATTA Jarkko,FIN,90.3,,90.3
2026-01-11,Zakopane,3114,47,30,SATO Yukiya,JPN,88.0,,88.0
2026-01-11,Zakopane,3114,48,17,BRESADOLA Giovanni,ITA,83.6,,83.6
2026-01-11,Zakopane,3114,49,4,CECON Francesco,ITA,77.2,,77.2
2026-01-11,Zakopane,3114,50,5,CHERVET Jules,FRA,74.3,,74.3
2026-01-17,Sapporo,3116,1,50,PREVC Domen,SLO,130.0,155.7,285.7
2026-01-17,Sapporo,3116,2,37,NAKAMURA Naoki,JPN,125.9,137.7,263.6
2026-01-17,Sapporo,3116,3,48,NIKAIDO Ren,JPN,120.8,136.8,257.6
2026-01-17,Sapporo,3116,4,47,HOERL Jan,AUT,131.3,125.1,256.4
2026-01-17,Sapporo,3116,5,49,KOBAYASHI Ryoyu,JPN,118.6,137.4,256.0
2026-01-17,Sapporo,3116,6,44,EMBACHER Stephan,AUT,126.1,128.4,254.5
2026-01-17,Sapporo,3116,7,42,FETTNER Manuel,AUT,125.4,128.9,254.3
2026-01-17,Sapporo,3116,8,45,TSCHOFENIG Daniel,AUT,115.1,130.8,245.9
2026-01-17,Sapporo,3116,9,43,KRAFT Stefan,AUT,121.2,120.7,241.9
2026-01-17,Sapporo,3116,10,36,LINDVIK Marius,NOR,117.5,123.4,240.9
2026-01-17,Sapporo,3116,11,39,SUNDAL Kristoffer Eriksen,NOR,108.6,131.8,240.4
2026-01-17,Sapporo,3116,12,38,FORFANG Johann Andre,NOR,122.7,114.6,237.3
2026-01-17,Sapporo,3116,12,34,SCHUSTER Jonas,AUT,118.7,118.6,237.3
2026-01-17,Sapporo,3116,14,33,GRANERUD Halvor Egner,NOR,109.7,127.2,236.9
2026-01-17,Sapporo,3116,15,46,RAIMUND Philipp,GER,109.0,125.9,234.9
2026-01-17,Sapporo,3116,16,31,SATO Yukiya,JPN,115.3,117.1,232.4
2026-01-17,Sapporo,3116,17,22,KOUDELKA Roman,CZE,108.5,122.6,231.1
2026-01-17,Sapporo,3116,18,32,ORTNER Maximilian,AUT,105.4,121.2,226.6
2026-01-17,Sapporo,3116,19,26,OBLAK Rok,SLO,111.0,112.9,223.9
2026-01-17,Sapporo,3116,20,27,HAUSWIRTH Sandro,SUI,103.8,118.8,222.6
2026-01-17,Sapporo,3116,22,29,NAITO Tomofumi,JPN,110.0,110.3,220.3
2026-01-17,Sapporo,3116,23,15,TRUNZ Felix,SUI,105.6,113.4,219.0
2026-01-17,Sapporo,3116,25,24,KUBACKI Dawid,POL,102.1,115.5,217.6
2026-01-17,Sapporo,3116,27,18,GEIGER Karl,GER,116.4,99.2,215.6
2026-01-17,Sapporo,3116,28,25,KOBAYASHI Sakutaro,JPN,106.1,106.2,212.3
2026-01-17,Sapporo,3116,32,1,YAMAMOTO Go,JPN,100.0,,100.0
2026-01-17,Sapporo,3116,33,41,TOMASIAK Kacper,POL,99.8,,99.8
2026-01-17,Sapporo,3116,34,14,FRANTZ Tate,USA,99.6,,99.6
2026-01-17,Sapporo,3116,35,13,PEIER Killian,SUI,94.9,,94.9
2026-01-17,Sapporo,3116,36,6,CHERVET Jules,FRA,94.4,,94.4
2026-01-17,Sapporo,3116,37,19,LANGMO Isak Andreas,NOR,92.7,,92.7
2026-01-17,Sapporo,3116,38,20,BRESADOLA Giovanni,ITA,91.7,,91.7
2026-01-17,Sapporo,3116,39,8,MOGEL Zak,SLO,89.7,,89.7
2026-01-17,Sapporo,3116,40,12,MARUSIAK Yevhen,UKR,89.6,,89.6
2026-01-17,Sapporo,3116,41,21,AMMANN Simon,SUI,88.3,,88.3
2026-01-17,Sapporo,3116,42,16,KESSELI Juri,SUI,87.9,,87.9
2026-01-17,Sapporo,3116,43,23,INSAM Alex,ITA,86.5,,86.5
2026-01-17,Sapporo,3116,44,3,ZNISZCZOL Aleksander,POL,83.6,,83.6
2026-01-17,Sapporo,3116,45,4,BELSHAW Erik,USA,81.7,,81.7
2026-01-17,Sapporo,3116,46,17,KAPUSTIK Hektor,SVK,78.5,,78.5
2026-01-17,Sapporo,3116,47,10,KALINICHENKO Vitaliy,UKR,77.0,,77.0
2026-01-17,Sapporo,3116,48,9,BOYD-CLOWES Mackenzie,CAN,69.4,,69.4
2026-01-17,Sapporo,3116,49,7,MAATTA Jarkko,FIN,64.9,,64.9
2026-01-18,Sapporo,3118,1,68,PREVC Domen,SLO,137.7,140.0,277.7
2026-01-18,Sapporo,3118,2,67,KOBAYASHI Ryoyu,JPN,132.5,141.7,274.2
2026-01-18,Sapporo,3118,3,63,TSCHOFENIG Daniel,AUT,124.2,141.6,265.8
2026-01-18,Sapporo,3118,4,60,FETTNER Manuel,AUT,125.1,137.8,262.9
2026-01-18,Sapporo,3118,5,65,HOERL Jan,AUT,117.1,133.8,250.9
2026-01-18,Sapporo,3118,6,66,NIKAIDO Ren,JPN,116.5,131.9,248.4
2026-01-18,Sapporo,3118,7,50,ORTNER Maximilian,AUT,116.4,130.4,246.8
2026-01-18,Sapporo,3118,8,62,EMBACHER Stephan,AUT,114.1,128.5,242.6
2026-01-18,Sapporo,3118,9,64,RAIMUND Philipp,GER,113.1,126.0,239.1
2026-01-18,Sapporo,3118,10,51,GRANERUD Halvor Egner,NOR,115.6,122.7,238.3
2026-01-18,Sapporo,3118,11,54,LINDVIK Marius,NOR,111.7,124.9,236.6
2026-01-18,Sapporo,3118,12,59,TOMASIAK Kacper,POL,106.8,125.8,232.6
2026-01-18,Sapporo,3118,13,58,NAKAMURA Naoki,JPN,107.3,125.1,232.4
2026-01-18,Sapporo,3118,14,36,GEIGER Karl,GER,110.5,116.8,227.3
2026-01-18,Sapporo,3118,15,40,KUBACKI Dawid,POL,109.9,116.5,226.4
2026-01-18,Sapporo,3118,16,34,LANGMO Isak Andreas,NOR,106.2,117.4,223.6
2026-01-18,Sapporo,3118,17,48,NAITO Tomofumi,JPN,109.2,113.6,222.8
2026-01-18,Sapporo,3118,20,45,KOT Maciej,POL,98.5,118.0,216.5
2026-01-18,Sapporo,3118,21,57,SUNDAL Kristoffer Eriksen,NOR,101.9,110.9,212.8
2026-01-18,Sapporo,3118,22,56,FORFANG Johann Andre,NOR,98.2,114.2,212.4
2026-01-18,Sapporo,3118,23,38,AMMANN Simon,SUI,108.8,103.3,212.1
2026-01-18,Sapporo,3118,24,49,SATO Yukiya,JPN,100.6,111.4,212.0
2026-01-18,Sapporo,3118,26,46,HAUSWIRTH Sandro,SUI,97.5,111.9,209.4
2026-01-18,Sapporo,3118,27,3,KOBAYASHI Junshiro,JPN,100.9,105.0,205.9
2026-01-18,Sapporo,3118,28,37,TRUNZ Felix,SUI,104.4,99.7,204.1
2026-01-18,Sapporo,3118,30,10,JONIAK Klemens,POL,97.2,105.5,202.7
2026-01-18,Sapporo,3118,31,41,KOUDELKA Roman,CZE,96.8,,96.8
2026-01-18,Sapporo,3118,32,39,INSAM Alex,ITA,95.8,,95.8
2026-01-18,Sapporo,3118,33,23,SATO Keiichi,JPN,95.2,,95.2
2026-01-18,Sapporo,3118,34,42,KOBAYASHI Sakutaro,JPN,95.0,,95.0
2026-01-18,Sapporo,3118,35,35,BRESADOLA Giovanni,ITA,94.4,,94.4
2026-01-18,Sapporo,3118,36,9,ZNISZCZOL Aleksander,POL,94.0,,94.0
2026-01-18,Sapporo,3118,37,11,IPCIOGLU Fatih Arda,TUR,93.0,,93.0
2026-01-18,Sapporo,3118,38,7,CHERVET Jules,FRA,92.9,,92.9
2026-01-18,Sapporo,3118,39,44,OBLAK Rok,SLO,92.6,,92.6
2026-01-18,Sapporo,3118,40,24,MOGEL Zak,SLO,91.7,,91.7
2026-01-18,Sapporo,3118,41,55,FOUBERT Valentin,FRA,89.9,,89.9
2026-01-18,Sapporo,3118,42,29,PEIER Killian,SUI,85.6,,85.6
2026-01-18,Sapporo,3118,43,30,FRANTZ Tate,USA,82.8,,82.8
2026-01-18,Sapporo,3118,46,28,ROTH Luca,GER,80.6,,80.6
2026-01-18,Sapporo,3118,47,14,BAYER Ben,GER,77.0,,77.0
2026-01-18,Sapporo,3118,48,26,KALINICHENKO Vitaliy,UKR,76.9,,76.9
2026-01-18,Sapporo,3118,49,19,BEDIR Muhammed Ali,TUR,75.3,,75.3
2026-01-18,Sapporo,3118,50,43,BICKNER Kevin,USA,75.1,,75.1
2026-01-31,Willingen,3126,1,56,PREVC Domen,SLO,131.7,132.5,264.2
2026-01-31,Willingen,3126,2,54,NIKAIDO Ren,JPN,114.8,127.4,242.2
2026-01-31,Willingen,3126,3,25,GEIGER Karl,GER,120.0,117.8,237.8
2026-01-31,Willingen,3126,4,50,HOFFMANN Felix,GER,105.3,130.6,235.9
2026-01-31,Willingen,3126,5,48,FETTNER Manuel,AUT,112.1,111.3,223.4
2026-01-31,Willingen,3126,6,29,WELLINGER Andreas,GER,108.1,115.0,223.1
2026-01-31,Willingen,3126,7,47,SUNDAL Kristoffer Eriksen,NOR,102.4,120.5,222.9
2026-01-31,Willingen,3126,9,55,KOBAYASHI Ryoyu,JPN,88.0,129.0,217.0
2026-01-31,Willingen,3126,10,52,TSCHOFENIG Daniel,AUT,104.8,109.8,214.6
2026-01-31,Willingen,3126,11,33,NAITO Tomofumi,JPN,96.2,118.3,214.5
2026-01-31,Willingen,3126,12,34,SATO Yukiya,JPN,94.6,117.9,212.5
2026-01-31,Willingen,3126,13,32,KYTOSAHO Niko,FIN,93.1,117.3,210.4
2026-01-31,Willingen,3126,14,49,KRAFT Stefan,AUT,100.3,107.1,207.4
2026-01-31,Willingen,3126,16,27,OBLAK Rok,SLO,100.7,103.5,204.2
2026-01-31,Willingen,3126,17,53,LANISEK Anze,SLO,88.7,113.7,202.4
2026-01-31,Willingen,3126,18,51,RAIMUND Philipp,GER,95.3,106.2,201.5
2026-01-31,Willingen,3126,19,36,COLBY Jason,USA,101.3,98.6,199.9
2026-01-31,Willingen,3126,20,45,FORFANG Johann Andre,NOR,84.4,113.5,197.9
2026-01-31,Willingen,3126,21,30,OESTVOLD Benjamin,NOR,87.6,101.5,189.1
2026-01-31,Willingen,3126,22,43,LINDVIK Marius,NOR,88.6,95.9,184.5
2026-01-31,Willingen,3126,23,38,PASCHKE Pius,GER,86.0,97.2,183.2
2026-01-31,Willingen,3126,24,12,MAATTA Jarkko,FIN,97.3,77.2,174.5
2026-01-31,Willingen,3126,25,26,BICKNER Kevin,USA,84.5,89.8,174.3
2026-01-31,Willingen,3126,26,24,AMMANN Simon,SUI,91.3,82.0,173.3
2026-01-31,Willingen,3126,27,22,INSAM Alex,ITA,88.3,82.5,170.8
2026-01-31,Willingen,3126,28,4,ZNISZCZOL Aleksander,POL,91.7,77.7,169.4
2026-01-31,Willingen,3126,29,15,ROTH Luca,GER,77.0,85.2,162.2
2026-01-31,Willingen,3126,30,7,STRAND Soelve Jokerud,NOR,80.3,72.0,152.3
2026-01-31,Willingen,3126,31,37,DESCHWANDEN Gregor,SUI,76.2,,76.2
2026-01-31,Willingen,3126,32,3,HAAGEN Lukas,AUT,75.4,,75.4
2026-01-31,Willingen,3126,33,39,ORTNER Maximilian,AUT,73.2,,73.2
2026-01-31,Willingen,3126,34,28,KUBACKI Dawid,POL,72.2,,72.2
2026-01-31,Willingen,3126,37,10,IMHOF Remo,SUI,68.0,,68.0
2026-01-31,Willingen,3126,38,21,BRESADOLA Giovanni,ITA,67.3,,67.3
2026-01-31,Willingen,3126,39,16,PEIER Killian,SUI,66.8,,66.8
2026-01-31,Willingen,3126,40,31,KOT Maciej,POL,66.0,,66.0
2026-01-31,Willingen,3126,41,19,KAPUSTIK Hektor,SVK,63.6,,63.6
2026-01-31,Willingen,3126,42,17,FRANTZ Tate,USA,61.1,,61.1
2026-01-31,Willingen,3126,43,41,ZAJC Timi,SLO,59.9,,59.9
2026-01-31,Willingen,3126,44,8,CHERVET Jules,FRA,53.3,,53.3
2026-01-31,Willingen,3126,45,40,GRANERUD Halvor Egner,NOR,51.6,,51.6
2026-01-31,Willingen,3126,46,11,PALOSAARI Vilho,FIN,50.6,,50.6
2026-01-31,Willingen,3126,47,9,MILESI Enzo,FRA,43.7,,43.7
2026-01-31,Willingen,3126,48,13,JONIAK Klemens,POL,38.4,,38.4
2026-01-31,Willingen,3126,49,35,ZYLA Piotr,POL,18.6,,18.6
2026-02-01,Willingen,3130,1,56,PREVC Domen,SLO,138.1,154.9,293.0
2026-02-01,Willingen,3130,2,54,NIKAIDO Ren,JPN,116.2,145.1,261.3
2026-02-01,Willingen,3130,3,51,RAIMUND Philipp,GER,123.3,129.8,253.1
2026-02-01,Willingen,3130,4,44,LINDVIK Marius,NOR,117.0,135.7,252.7
2026-02-01,Willingen,3130,5,33,KYTOSAHO Niko,FIN,122.0,127.5,249.5
2026-02-01,Willingen,3130,6,47,SUNDAL Kristoffer Eriksen,NOR,116.0,132.9,248.9
2026-02-01,Willingen,3130,7,53,LANISEK Anze,SLO,124.5,120.9,245.4
2026-02-01,Willingen,3130,9,31,ZYLA Piotr,POL,113.8,125.4,239.2
2026-02-01,Willingen,3130,12,52,TSCHOFENIG Daniel,AUT,108.0,124.7,232.7
2026-02-01,Willingen,3130,13,40,GRANERUD Halvor Egner,NOR,117.7,112.1,229.8
2026-02-01,Willingen,3130,14,48,FETTNER Manuel,AUT,95.7,127.8,223.5
2026-02-01,Willingen,3130,15,42,SCHUSTER Jonas,AUT,113.0,110.4,223.4
2026-02-01,Willingen,3130,17,39,ORTNER Maximilian,AUT,106.1,113.7,219.8
2026-02-01,Willingen,3130,18,55,KOBAYASHI Ryoyu,JPN,101.8,117.1,218.9
2026-02-01,Willingen,3130,19,34,NAITO Tomofumi,JPN,90.6,126.7,217.3
2026-02-01,Willingen,3130,20,29,OESTVOLD Benjamin,NOR,107.3,105.9,213.2
2026-02-01,Willingen,3130,21,30,GEIGER Karl,GER,107.0,99.1,206.1
2026-02-01,Willingen,3130,23,24,AIGNER Clemens,AUT,92.8,108.1,200.9
2026-02-01,Willingen,3130,24,36,COLBY Jason,USA,104.2,92.7,196.9
2026-02-01,Willingen,3130,25,35,SATO Yukiya,JPN,102.9,93.6,196.5
2026-02-01,Willingen,3130,27,15,FRANTZ Tate,USA,99.6,94.7,194.3
2026-02-01,Willingen,3130,28,38,PASCHKE Pius,GER,98.5,95.4,193.9
2026-02-01,Willingen,3130,29,49,KRAFT Stefan,AUT,93.2,93.5,186.7
2026-02-01,Willingen,3130,30,11,JONIAK Klemens,POL,98.3,75.7,174.0
2026-02-01,Willingen,3130,31,17,MAATTA Jarkko,FIN,90.0,,90.0
2026-02-01,Willingen,3130,32,6,PALOSAARI Vilho,FIN,88.0,,88.0
2026-02-01,Willingen,3130,33,37,DESCHWANDEN Gregor,SUI,86.0,,86.0
2026-02-01,Willingen,3130,34,28,KOT Maciej,POL,84.8,,84.8
2026-02-01,Willingen,3130,35,26,KUBACKI Dawid,POL,83.4,,83.4
2026-02-01,Willingen,3130,36,18,MARUSIAK Yevhen,UKR,83.2,,83.2
2026-02-01,Willingen,3130,37,19,KAPUSTIK Hektor,SVK,82.8,,82.8
2026-02-01,Willingen,3130,38,20,JANCAR Ziga,SLO,81.1,,81.1
2026-02-01,Willingen,3130,39,45,FORFANG Johann Andre,NOR,80.4,,80.4
2026-02-01,Willingen,3130,40,14,PEIER Killian,SUI,78.8,,78.8
2026-02-01,Willingen,3130,41,21,BRESADOLA Giovanni,ITA,78.1,,78.1
2026-02-01,Willingen,3130,42,10,STRAND Soelve Jokerud,NOR,77.9,,77.9
2026-02-01,Willingen,3130,43,12,KALINICHENKO Vitaliy,UKR,77.5,,77.5
2026-02-01,Willingen,3130,44,1,MILESI Enzo,FRA,75.7,,75.7
2026-02-01,Willingen,3130,45,8,HAAGEN Lukas,AUT,72.2,,72.2
2026-02-01,Willingen,3130,46,25,BICKNER Kevin,USA,71.1,,71.1
2026-02-01,Willingen,3130,47,27,OBLAK Rok,SLO,70.2,,70.2
2026-02-01,Willingen,3130,48,23,AMMANN Simon,SUI,59.3,,59.3
2026-02-01,Willingen,3130,49,13,ZNISZCZOL Aleksander,POL,58.9,,58.9
2026-02-01,Willingen,3130,50,3,CHERVET Jules,FRA,49.2,,49.2
2026-03-07,Lahti,3162,1,61,TSCHOFENIG Daniel,AUT,147.1,152.3,299.4
2026-03-07,Lahti,3162,2,64,PREVC Domen,SLO,148.0,150.8,298.8
2026-03-07,Lahti,3162,3,63,KOBAYASHI Ryoyu,JPN,149.1,147.1,296.2
2026-03-07,Lahti,3162,4,60,RAIMUND Philipp,GER,145.3,146.5,291.8
2026-03-07,Lahti,3162,5,50,LINDVIK Marius,NOR,137.3,144.1,281.4
2026-03-07,Lahti,3162,6,57,HOERL Jan,AUT,140.5,138.9,279.4
2026-03-07,Lahti,3162,7,26,LANGMO Isak Andreas,NOR,133.1,141.9,275.0
2026-03-07,Lahti,3162,8,38,KYTOSAHO Niko,FIN,139.3,135.3,274.6
2026-03-07,Lahti,3162,9,51,FORFANG Johann Andre,NOR,137.2,137.3,274.5
2026-03-07,Lahti,3162,10,47,TOMASIAK Kacper,POL,134.6,138.8,273.4
2026-03-07,Lahti,3162,11,59,LANISEK Anze,SLO,134.9,137.3,272.2
2026-03-07,Lahti,3162,12,44,DESCHWANDEN Gregor,SUI,136.6,135.2,271.8
2026-03-07,Lahti,3162,14,62,NIKAIDO Ren,JPN,143.2,127.6,270.8
2026-03-07,Lahti,3162,15,45,ORTNER Maximilian,AUT,134.3,136.4,270.7
2026-03-07,Lahti,3162,17,5,PALOSAARI Vilho,FIN,129.0,129.7,258.7
2026-03-07,Lahti,3162,18,58,EMBACHER Stephan,AUT,125.0,133.0,258.0
2026-03-07,Lahti,3162,20,16,FRANTZ Tate,USA,126.9,126.9,253.8
2026-03-07,Lahti,3162,21,56,HOFFMANN Felix,GER,126.7,126.9,253.6
2026-03-07,Lahti,3162,22,35,ZYLA Piotr,POL,125.1,127.2,252.3
2026-03-07,Lahti,3162,23,49,NAKAMURA Naoki,JPN,124.0,127.3,251.3
2026-03-07,Lahti,3162,24,11,CECON Francesco,ITA,126.3,124.3,250.6
2026-03-07,Lahti,3162,25,27,OBLAK Rok,SLO,128.9,121.4,250.3
2026-03-07,Lahti,3162,26,29,BICKNER Kevin,USA,129.9,119.3,249.2
2026-03-07,Lahti,3162,27,46,SCHUSTER Jonas,AUT,126.8,121.7,248.5
2026-03-07,Lahti,3162,28,28,KOT Maciej,POL,127.6,117.1,244.7
2026-03-07,Lahti,3162,29,40,PASCHKE Pius,GER,126.2,117.4,243.6
2026-03-07,Lahti,3162,30,15,KESSELI Juri,SUI,124.2,118.6,242.8
2026-03-07,Lahti,3162,31,18,MARUSIAK Yevhen,UKR,122.1,,122.1
2026-03-07,Lahti,3162,32,54,FETTNER Manuel,AUT,121.9,,121.9
2026-03-07,Lahti,3162,33,41,WELLINGER Andreas,GER,121.6,,121.6
2026-03-07,Lahti,3162,36,36,NAITO Tomofumi,JPN,119.9,,119.9
2026-03-07,Lahti,3162,37,22,AMMANN Simon,SUI,119.8,,119.8
2026-03-07,Lahti,3162,38,3,CHERVET Jules,FRA,119.3,,119.3
2026-03-07,Lahti,3162,39,13,MOGEL Zak,SLO,119.1,,119.1
2026-03-07,Lahti,3162,40,21,INSAM Alex,ITA,119.0,,119.0
2026-03-07,Lahti,3162,41,24,KUBACKI Dawid,POL,117.8,,117.8
2026-03-07,Lahti,3162,42,32,GEIGER Karl,GER,117.2,,117.2
2026-03-07,Lahti,3162,43,30,AIGRO Artti,EST,117.1,,117.1
2026-03-07,Lahti,3162,44,20,BRESADOLA Giovanni,ITA,117.0,,117.0
2026-03-07,Lahti,3162,45,48,FOUBERT Valentin,FRA,115.6,,115.6
2026-03-07,Lahti,3162,46,31,HAUSWIRTH Sandro,SUI,113.5,,113.5
2026-03-07,Lahti,3162,47,25,WASEK Pawel,POL,111.6,,111.6
2026-03-07,Lahti,3162,48,23,KOUDELKA Roman,CZE,108.1,,108.1
2026-03-07,Lahti,3162,49,4,MILESI Enzo,FRA,102.1,,102.1
2026-03-07,Lahti,3162,50,7,IPCIOGLU Fatih Arda,TUR,101.3,,101.3
2026-03-14,Oslo,3170,1,32,DESCHWANDEN Gregor,SUI,133.4,129.7,263.1
2026-03-14,Oslo,3170,2,33,ORTNER Maximilian,AUT,136.3,125.4,261.7
2026-03-14,Oslo,3170,4,48,TSCHOFENIG Daniel,AUT,124.7,126.6,251.3
2026-03-14,Oslo,3170,5,46,NIKAIDO Ren,JPN,128.8,121.8,250.6
2026-03-14,Oslo,3170,6,30,KYTOSAHO Niko,FIN,128.0,121.6,249.6
2026-03-14,Oslo,3170,7,40,FORFANG Johann Andre,NOR,129.2,119.5,248.7
2026-03-14,Oslo,3170,8,29,AALTO Antti,FIN,124.8,123.2,248.0
2026-03-14,Oslo,3170,9,41,FETTNER Manuel,AUT,127.8,116.2,244.0
2026-03-14,Oslo,3170,10,44,EMBACHER Stephan,AUT,121.2,121.1,242.3
2026-03-14,Oslo,3170,11,34,SCHUSTER Jonas,AUT,122.8,117.6,240.4
2026-03-14,Oslo,3170,12,18,BICKNER Kevin,USA,115.3,121.9,237.2
2026-03-14,Oslo,3170,14,45,LANISEK Anze,SLO,112.4,120.1,232.5
2026-03-14,Oslo,3170,15,10,TRUNZ Felix,SUI,116.1,115.0,231.1
2026-03-14,Oslo,3170,16,14,MIZERNYKH Ilya,KAZ,121.3,108.6,229.9
2026-03-14,Oslo,3170,17,27,WELLINGER Andreas,GER,118.1,108.8,226.9
2026-03-14,Oslo,3170,18,26,NAITO Tomofumi,JPN,123.5,102.4,225.9
2026-03-14,Oslo,3170,19,23,GEIGER Karl,GER,113.1,111.0,224.1
2026-03-14,Oslo,3170,20,20,LANGMO Isak Andreas,NOR,114.2,109.8,224.0
2026-03-14,Oslo,3170,21,24,SATO Yukiya,JPN,114.1,109.7,223.8
2026-03-14,Oslo,3170,22,36,TOMASIAK Kacper,POL,120.1,103.2,223.3
2026-03-14,Oslo,3170,23,42,KRAFT Stefan,AUT,112.8,108.0,220.8
2026-03-14,Oslo,3170,24,38,SUNDAL Kristoffer Eriksen,NOR,117.4,101.1,218.5
2026-03-14,Oslo,3170,25,16,KOT Maciej,POL,115.4,102.7,218.1
2026-03-14,Oslo,3170,26,15,AMMANN Simon,SUI,112.9,104.8,217.7
2026-03-14,Oslo,3170,27,12,FRANTZ Tate,USA,114.4,99.2,213.6
2026-03-14,Oslo,3170,28,4,MOGEL Zak,SLO,112.3,101.2,213.5
2026-03-14,Oslo,3170,29,28,PASCHKE Pius,GER,113.2,99.0,212.2
2026-03-14,Oslo,3170,30,7,KESSELI Juri,SUI,115.2,90.8,206.0
2026-03-14,Oslo,3170,31,1,STROEM Joergen Oliver,NOR,111.6,,111.6
2026-03-14,Oslo,3170,34,19,OESTVOLD Benjamin,NOR,109.2,,109.2
2026-03-14,Oslo,3170,35,35,FOUBERT Valentin,FRA,108.9,,108.9
2026-03-14,Oslo,3170,36,47,RAIMUND Philipp,GER,108.7,,108.7
2026-03-14,Oslo,3170,37,11,NOUSIAINEN Eetu,FIN,108.6,,108.6
2026-03-14,Oslo,3170,38,21,AIGRO Artti,EST,108.0,,108.0
2026-03-14,Oslo,3170,39,17,OBLAK Rok,SLO,107.7,,107.7
2026-03-14,Oslo,3170,40,3,BAYER Ben,GER,106.2,,106.2
2026-03-14,Oslo,3170,41,39,ZOGRAFSKI Vladimir,BUL,106.1,,106.1
2026-03-14,Oslo,3170,42,50,PREVC Domen,SLO,105.2,,105.2
2026-03-14,Oslo,3170,43,22,HAUSWIRTH Sandro,SUI,104.2,,104.2
2026-03-14,Oslo,3170,44,43,HOFFMANN Felix,GER,103.0,,103.0
2026-03-14,Oslo,3170,45,9,PEDERSEN Robin,NOR,102.8,,102.8
2026-03-14,Oslo,3170,46,25,ZYLA Piotr,POL,100.8,,100.8
2026-03-14,Oslo,3170,47,2,HAAGEN Lukas,AUT,99.5,,99.5
2026-03-14,Oslo,3170,48,6,CECON Francesco,ITA,98.9,,98.9
2026-03-14,Oslo,3170,49,31,GRANERUD Halvor Egner,NOR,86.8,,86.8
2026-03-14,Oslo,3170,50,13,BRESADOLA Giovanni,ITA,62.1,,62.1
